{
    "name"        : "ikigai",
    "namespace"   : "com.laraone.ikigai",
    "folder"      : "ikigai",
    "tags"        : [ "minimalistic", "clean", "modern", "blog" ],
    "author"      : "Niko Craft",
    "org"         : "Laraone",
    "twitter"     : "nikocraft",
    "version"     : "1.0.0",
    "description" : "Ikigai a reason for being; the thing that gets you up in the morning.",
    "url"         : "www.laraone.com",
    "screenshots" : 2,
    "views-path"  : "ikigai",
    "asset-path"  : "themes/ikigai",
    "settings": [
        {
            "label": "General",
            "key": "general",
            "type": "section",
            "settings": [
                {
                    "label": "Container",
                    "key": "container",
                    "type": "section",
                    "settings": [
                        {
                            "label": "Width",
                            "key": "width",
                            "default": "1170px",
                            "type": "string",
                            "meta": { "uiType": "input" }
                        },
                        {
                            "label": "Background Color",
                            "key": "backgroundColor",
                            "default": "",
                            "type": "string",
                            "meta": { "uiType": "color" }
                        }
                    ]
                },
                {
                    "label": "Page Body",
                    "key": "body",
                    "type": "section",
                    "settings": [
                        {
                            "label": "Background Color",
                            "key": "backgroundColor",
                            "default": "#fbfbfb",
                            "type": "string",
                            "meta": { "uiType": "color" }
                        },
                        {
                            "label": "Background Image",
                            "key": "backgroundImage",
                            "default": "",
                            "type": "string",
                            "meta": { "uiType": "mediaLibrary" }
                        },
                        {
                            "label": "Background Size",
                            "key": "backgroundSize",
                            "default": "cover",
                            "type": "string",
                            "meta": { "uiType": "select", "options": ["cover", "contain"], "dependency": { "on": "backgroundImage" } }
                        },
                        {
                            "label": "Background Style",
                            "key": "backgroundStyle",
                            "default": "fixed",
                            "type": "string",
                            "meta": { "uiType": "select", "options": ["scroll", "fixed", "local"], "dependency": { "on": "backgroundImage" } }
                        },
                        {
                            "label": "Background Position",
                            "key": "backgroundPosition",
                            "default": "center",
                            "type": "string",
                            "meta": { "uiType": "select", "options": ["center", "left", "right", "top", "bottom"], "dependency": { "on": "backgroundImage" } }
                        },
                        {
                            "label": "Background Repeat",
                            "key": "backgroundRepeat",
                            "default": "no-repeat",
                            "type": "string",
                            "meta": { "uiType": "select", "options": ["no-repeat", "repeat", "repeat-x", "repeat-y"], "dependency": { "on": "backgroundImage" } }
                        }
                    ]
                },
                {
                    "label": "Font",
                    "key": "font",
                    "type": "section",
                    "settings": [
                        {
                            "label": "Family",
                            "key": "family",
                            "default": "covik-sans, sans-serif",
                            "type": "string",
                            "meta": { "uiType": "input" }
                        },
                        {
                            "label": "Color",
                            "key": "color",
                            "default": "#222",
                            "type": "string",
                            "meta": { "uiType": "color" }
                        },
                        {
                            "label": "Size",
                            "key": "size",
                            "default": "13px",
                            "type": "string",
                            "meta": { "uiType": "px", "maxAllowed": 1 }
                        }
                    ]
                }
            ]
        },
        {
            "label": "Content",
            "key": "content",
            "type": "section",
            "settings": [
                {
                    "label": "General",
                    "key": "general",
                    "type": "section",
                    "settings": [
                        {
                            "label": "Excerpt Length",
                            "key": "excerptLength",
                            "default": "300",
                            "type": "string",
                            "meta": { "uiType": "input" }
                        },
                        {
                            "label": "Post Title",
                            "key": "postTitle",
                            "default": "300",
                            "type": "section",
                            "settings": [
                                {
                                    "label": "Color",
                                    "key": "color",
                                    "default": "#444",
                                    "type": "string",
                                    "meta": { "uiType": "color" }
                                },
                                {
                                    "label": "Hover Color",
                                    "key": "hoverColor",
                                    "default": "#444",
                                    "type": "string",
                                    "meta": { "uiType": "color" }
                                },
                                {
                                    "label": "Size",
                                    "key": "size",
                                    "default": "h2",
                                    "type": "string",
                                    "meta": { "uiType": "select", "options": ["h1", "h2", "h3", "h4"] }
                                }
                            ]
                        },
                        {
                            "label": "Featured Image",
                            "key": "featuredImage",
                            "default": "300",
                            "type": "section",
                            "settings": [
                                {
                                    "label": "Index Page Height",
                                    "key": "indexPageHeight",
                                    "default": "300px",
                                    "type": "string",
                                    "meta": { "uiType": "input", "info": "Leave empty for full height" }
                                },
                                {
                                    "label": "Single Page Height",
                                    "key": "singlePageHeight",
                                    "default": "300px",
                                    "type": "string",
                                    "meta": { "uiType": "input", "info": "Leave empty for full height" }
                                }
                            ]
                        }
                    ]
                },
                {
                    "label": "Pages",
                    "key": "pages",
                    "type": "section",
                    "settings": [
                        {
                            "label": "Layout",
                            "key": "layout",
                            "default": "content-fullwidth",
                            "type": "string",
                            "meta": { "uiType": "contentLayoutSelector" }
                        },
                        {
                            "label": "Show Title",
                            "key": "showTitle",
                            "default": false,
                            "type": "boolean",
                            "meta": { "uiType": "boolSelect" }
                        },
                        {
                            "label": "Show Meta Data",
                            "key": "showMetaData",
                            "default": false,
                            "type": "boolean",
                            "meta": { "uiType": "boolSelect" }
                        },
                        {
                            "label": "Show Author Bio",
                            "key": "showAuthorBio",
                            "default": false,
                            "type": "boolean",
                            "meta": { "uiType": "boolSelect" }
                        },
                        {
                            "label": "Show Comments",
                            "key": "showComments",
                            "default": false,
                            "type": "boolean",
                            "meta": { "uiType": "boolSelect" }
                        }
                    ]
                },
                {
                    "label": "Posts",
                    "key": "posts",
                    "type": "section",
                    "settings": [
                        {
                            "label": "Layout Single",
                            "key": "layout",
                            "default": "content-sidebar",
                            "type": "string",
                            "meta": { "uiType": "contentLayoutSelector" }
                        },
                        {
                            "label": "Layout Index",
                            "key": "layoutIndex",
                            "default": "content-sidebar",
                            "type": "string",
                            "meta": { "uiType": "contentLayoutSelector" }
                        },
                        {
                            "label": "Show Title",
                            "key": "showTitle",
                            "default": true,
                            "type": "boolean",
                            "meta": { "uiType": "boolSelect" }
                        },
                        {
                            "label": "Show Meta Data",
                            "key": "showMetaData",
                            "default": true,
                            "type": "boolean",
                            "meta": { "uiType": "boolSelect" }
                        },
                        {
                            "label": "Show Author Bio",
                            "key": "showAuthorBio",
                            "default": true,
                            "type": "boolean",
                            "meta": { "uiType": "boolSelect" }
                        },
                        {
                            "label": "Show Comments",
                            "key": "showComments",
                            "default": true,
                            "type": "boolean",
                            "meta": { "uiType": "boolSelect" }
                        }
                    ]
                }
            ]
        },
        {
            "label": "Widgets",
            "key": "widgets",
            "type": "section",
            "settings": [
                {
                    "label": "Title Size",
                    "key": "titleSize",
                    "default": "h4",
                    "type": "string",
                    "meta": { "uiType": "select", "options": ["h1", "h2", "h3", "h4", "h5", "h6"] }
                },
                {
                    "label": "Title Text Style",
                    "key": "titleStyle",
                    "default": "capitalize",
                    "type": "string",
                    "meta": { "uiType": "select", "options": [ "none", "capitalize", "uppercase", "lowercase" ] }
                },
                {
                    "label": "Title Color",
                    "key": "titleColor",
                    "default": "#333",
                    "type": "string",
                    "meta": { "uiType": "color" }
                },
                {
                    "label": "Spacing",
                    "key": "spacing",
                    "default": "15px",
                    "type": "string",
                    "meta": { "uiType": "input" }
                }
            ]
        },
        {
            "label": "Layouts",
            "key": "layouts",
            "type": "section",
            "meta": { "hidden": true },
            "settings": [
                {
                    "label": "Supports",
                    "key": "supports",
                    "default": "header-main-footer",
                    "type": "string",
                    "meta": { "hidden": true, "options": ["header-main-footer", "aside-main", "header-aside-main", "header-aside-main-footer"] }
                },
                {
                    "label": "Main",
                    "key": "main",
                    "default": "header-main-footer",
                    "type": "string",
                    "meta": { "hidden": true, "uiType": "layoutSelector", "options": ["header-main-footer", "header-main"] }
                }
            ]
        },
        {
            "label": "Header",
            "key": "header",
            "type": "section",
            "settings": [
                {
                    "label": "General",
                    "key": "general",
                    "type": "section",
                    "settings": [
                        {
                            "label": "Style",
                            "key": "style",
                            "default": "fullwidth",
                            "type": "string",
                            "meta": { "uiType": "select", "options": ["fullwidth", "boxed"] }
                        },
                        {
                            "label": "Height",
                            "key": "height",
                            "default": "122px",
                            "type": "string",
                            "meta": { "uiType": "input" }
                        },
                        {
                            "label": "Background Color",
                            "key": "backgroundColor",
                            "default": "",
                            "type": "string",
                            "meta": { "uiType": "color" }
                        }
                    ]
                },
                {
                    "label": "Logo",
                    "key": "logo",
                    "type": "section",
                    "settings": [
                        {
                            "label": "Logo Type",
                            "key": "logotype",
                            "default": "text",
                            "type": "string",
                            "meta": { "uiType": "select", "options": ["text", "image"] }
                        },
                        {
                            "label": "Font Color",
                            "key": "fontColor",
                            "default": "#222",
                            "type": "string",
                            "meta": { "uiType": "color", "dependency": { "on": "logotype", "if": "text" } }
                        },
                        {
                            "label": "Font Hover Color",
                            "key": "fontHoverColor",
                            "default": "#111",
                            "type": "string",
                            "meta": { "uiType": "color", "dependency": { "on": "logotype", "if": "text" } }
                        },
                        {
                            "label": "Font Size",
                            "key": "fontSize",
                            "default": "24px",
                            "type": "string",
                            "meta": { "uiType": "input", "dependency": { "on": "logotype", "if": "text" } }
                        },
                        {
                            "label": "Logo Image",
                            "key": "logoImage",
                            "default": "",
                            "type": "string",
                            "meta": { "uiType": "mediaLibrary", "dependency": { "on": "logotype", "if": "image" } }
                        }
                    ]
                },
                {
                    "label": "Menu",
                    "key": "menu",
                    "type": "section",
                    "settings": [
                        {
                            "label": "Item Padding",
                            "key": "itemPadding",
                            "default": "5px 20px",
                            "type": "string",
                            "meta": { "uiType": "input" }
                        },
                        {
                            "label": "Font Size",
                            "key": "fontSize",
                            "default": "14px",
                            "type": "string",
                            "meta": { "uiType": "input" }
                        },
                        {
                            "label": "Item Font Color",
                            "key": "fontColor",
                            "default": "#222",
                            "type": "string",
                            "meta": { "uiType": "color" }
                        },
                        {
                            "label": "Item Font Hover Color",
                            "key": "fontHoverColor",
                            "default": "#444",
                            "type": "string",
                            "meta": { "uiType": "color" }
                        },
                        {
                            "label": "Item Background Color",
                            "key": "itemBackgroundColor",
                            "default": "",
                            "type": "string",
                            "meta": { "uiType": "color" }
                        },
                        {
                            "label": "Item Hover Background Color",
                            "key": "itemHoverBackgroundColor",
                            "default": "#e8edf0",
                            "type": "string",
                            "meta": { "uiType": "color" }
                        },
                        {
                            "label": "Drop Down",
                            "key": "dropdown",
                            "type": "section",
                            "settings": [
                                {
                                    "label": "Animation",
                                    "key": "animation",
                                    "default": "bounceIn",
                                    "type": "string",
                                    "meta": { "uiType": "select", "options": [
                                        "none", "bounceIn", "flipInX", "flipInY"
                                        ] }
                                }
                            ]
                        }
                    ]
                },
                {
                    "label": "Hamburger",
                    "key": "hamburger",
                    "type": "section",
                    "settings": [
                        {
                            "label": "General",
                            "key": "general",
                            "type": "section",
                            "settings": [
                                {
                                    "label": "Background Color",
                                    "key": "backgroundColor",
                                    "default": "#222",
                                    "type": "string",
                                    "meta": { "uiType": "color" }
                                },
                                {
                                    "label": "Enter Animation",
                                    "key": "inAnimation",
                                    "default": "bounceInRight",
                                    "type": "string",
                                    "meta": { "uiType": "select", "options": [ 
                                        "bounceInLeft", "bounceInRight", "bounceInUp", "bounceInDown", 
                                        "zoomInLeft", "zoomInRight", "zoomInUp", "zoomInDown",
                                        "slideInLeft", "slideInRight", "slideInUp", "slideInDown"
                                        ] }
                                },
                                {
                                    "label": "Exit Animation",
                                    "key": "outAnimation",
                                    "default": "bounceOutUp",
                                    "type": "string",
                                    "meta": { "uiType": "select", "options": [ 
                                        "bounceOutLeft", "bounceOutRight", "bounceOutUp", "bounceOutDown",
                                        "zoomOutLeft", "zoomOutRight", "zoomOutUp", "zoomOutDown",
                                        "slideOutLeft", "slideOutRight", "slideOutUp", "slideOutDown"
                                        ]
                                    }
                                }
                            ]
                        },
                        {
                            "label": "Logo",
                            "key": "logo",
                            "type": "section",
                            "settings": [
                                {
                                    "label": "Logo Type",
                                    "key": "logotype",
                                    "default": "text",
                                    "type": "string",
                                    "meta": { "uiType": "select", "options": ["text", "image"] }
                                },
                                {
                                    "label": "Font Color",
                                    "key": "fontColor",
                                    "default": "#222",
                                    "type": "string",
                                    "meta": { "uiType": "color", "dependency": { "on": "logotype", "if": "text" } }
                                },
                                {
                                    "label": "Font Size",
                                    "key": "fontSize",
                                    "default": "24px",
                                    "type": "string",
                                    "meta": { "uiType": "input", "dependency": { "on": "logotype", "if": "text" } }
                                },
                                {
                                    "label": "Logo Image",
                                    "key": "logoImage",
                                    "default": "",
                                    "type": "string",
                                    "meta": { "uiType": "mediaLibrary", "dependency": { "on": "logotype", "if": "image" } }
                                }
                            ]
                        },
                        {
                            "label": "Button",
                            "key": "button",
                            "type": "section",
                            "settings": [
                                {
                                    "label": "Animation",
                                    "key": "style",
                                    "default": "hamburger--collapse",
                                    "type": "string",
                                    "meta": { "uiType": "select", "options": [
                                        "hamburger--collapse", "hamburger--slider", "hamburger--squeeze", "hamburger--arrow",
                                        "hamburger--arrowturn", "hamburger--spin", "hamburger--elastic", "hamburger--vortex",
                                        "hamburger--stand", "hamburger--spring", "hamburger--spring", "hamburger--minus",
                                        "hamburger--3dx", "hamburger--3dy"] }
                                },
                                {
                                    "label": "Color",
                                    "key": "color",
                                    "default": "#333",
                                    "type": "string",
                                    "meta": { "uiType": "color" }
                                },
                                {
                                    "label": "Active Color",
                                    "key": "activeColor",
                                    "default": "#333",
                                    "type": "string",
                                    "meta": { "uiType": "color" }
                                }
                            ]
                        },
                        {
                            "label": "Menu Items",
                            "key": "items",
                            "type": "section",
                            "settings": [
                                {
                                    "label": "Text Transform",
                                    "key": "textTransform",
                                    "default": "uppercase",
                                    "type": "string",
                                    "meta": { "uiType": "select", "options": [ "none", "capitalize", "uppercase", "lowercase" ] }
                                },
                                {
                                    "label": "Spacing",
                                    "key": "spacing",
                                    "default": "10px",
                                    "type": "string",
                                    "meta": { "uiType": "input" }
                                },
                                {
                                    "label": "Indent",
                                    "key": "indent",
                                    "default": "20px",
                                    "type": "string",
                                    "meta": { "uiType": "input" }
                                },
                                {
                                    "label": "Font Size",
                                    "key": "fontSize",
                                    "default": "20px",
                                    "type": "string",
                                    "meta": { "uiType": "input" }
                                },
                                {
                                    "label": "Font Color",
                                    "key": "fontColor",
                                    "default": "#fbfbfb",
                                    "type": "string",
                                    "meta": { "uiType": "color" }
                                }
                            ]
                        },
                        {
                            "label": "Drop-Down Items",
                            "key": "dropDown",
                            "type": "section",
                            "settings": [
                                {
                                    "label": "Text Transform",
                                    "key": "textTransform",
                                    "default": "capitalize",
                                    "type": "string",
                                    "meta": { "uiType": "select", "options": [ "none", "capitalize", "uppercase", "lowercase" ] }
                                },
                                {
                                    "label": "Spacing",
                                    "key": "spacing",
                                    "default": "10px",
                                    "type": "string",
                                    "meta": { "uiType": "input" }
                                },
                                {
                                    "label": "Indent",
                                    "key": "indent",
                                    "default": "40px",
                                    "type": "string",
                                    "meta": { "uiType": "input" }
                                },
                                {
                                    "label": "Font Size",
                                    "key": "fontSize",
                                    "default": "20px",
                                    "type": "string",
                                    "meta": { "uiType": "input" }
                                },
                                {
                                    "label": "Font Color",
                                    "key": "fontColor",
                                    "default": "#fbfbfb",
                                    "type": "string",
                                    "meta": { "uiType": "color" }
                                }
                            ]
                        },
                        {
                            "label": "Drop-Down Buttons",
                            "key": "dropDownButtons",
                            "type": "section",
                            "settings": [
                                {
                                    "label": "Open Icon",
                                    "key": "openIcon",
                                    "default": "fas fa-plus-circle",
                                    "type": "string",
                                    "meta": { "uiType": "input" }
                                },
                                {
                                    "label": "Close Icon",
                                    "key": "closeIcon",
                                    "default": "fas fa-minus-circle",
                                    "type": "string",
                                    "meta": { "uiType": "input" }
                                },
                                {
                                    "label": "Size",
                                    "key": "fontSize",
                                    "default": "22px",
                                    "type": "string",
                                    "meta": { "uiType": "input" }
                                },
                                {
                                    "label": "Color",
                                    "key": "fontColor",
                                    "default": "#fbfbfb",
                                    "type": "string",
                                    "meta": { "uiType": "color" }
                                }
                            ]
                        }
                    ]
                }
            ]
        },
        {
            "label": "Footer",
            "key": "footer",
            "type": "section",
            "settings": [
                {
                    "label": "General",
                    "key": "general",
                    "type": "section",
                    "settings": [
                        {
                            "label": "Style",
                            "key": "style",
                            "default": "fullwidth",
                            "type": "string",
                            "meta": { "uiType": "select", "options": ["fullwidth", "boxed"] }
                        },
                        {
                            "label": "Background Color",
                            "key": "backgroundColor",
                            "default": "#27313a",
                            "type": "string",
                            "meta": { "uiType": "color" }
                        },
                        {
                            "label": "Font",
                            "key": "font",
                            "type": "section",
                            "settings": [
                                {
                                    "label": "Color",
                                    "key": "color",
                                    "default": "white",
                                    "type": "string",
                                    "meta": { "uiType": "color" }
                                },
                                {
                                    "label": "Size",
                                    "key": "size",
                                    "default": "12px",
                                    "type": "string",
                                    "meta": { "uiType": "input" }
                                }
                            ]
                        },
                        {
                            "label": "Copyright",
                            "key": "copyright",
                            "default": "© Niko Craft",
                            "type": "string",
                            "meta": { "uiType": "input" }
                        }
                    ]
                }
            ]
        },
        {
            "label": "Headlines",
            "key": "headlines",
            "type": "section",
            "settings": [
                {
                    "label": "Headline 1",
                    "key": "headline1",
                    "type": "section",
                    "settings": [
                        {
                            "label": "Size",
                            "key": "size",
                            "default": "55px",
                            "type": "string",
                            "meta": { "uiType": "input" }
                        }
                    ]
                },
                {
                    "label": "Headline 2",
                    "key": "headline2",
                    "type": "section",
                    "settings": [
                        {
                            "label": "Size",
                            "key": "size",
                            "default": "45px",
                            "type": "string",
                            "meta": { "uiType": "input" }
                        }
                    ]
                },
                {
                    "label": "Headline 3",
                    "key": "headline3",
                    "type": "section",
                    "settings": [
                        {
                            "label": "Size",
                            "key": "size",
                            "default": "30px",
                            "type": "string",
                            "meta": { "uiType": "input" }
                        }
                    ]
                },
                {
                    "label": "Headline 4",
                    "key": "headline4",
                    "type": "section",
                    "settings": [
                        {
                            "label": "Size",
                            "key": "size",
                            "default": "25px",
                            "type": "string",
                            "meta": { "uiType": "input" }
                        }
                    ]
                },
                {
                    "label": "Headline 5",
                    "key": "headline5",
                    "type": "section",
                    "settings": [
                        {
                            "label": "Size",
                            "key": "size",
                            "default": "20px",
                            "type": "string",
                            "meta": { "uiType": "input" }
                        }
                    ]
                },
                {
                    "label": "Headline 6",
                    "key": "headline6",
                    "type": "section",
                    "settings": [
                        {
                            "label": "Size",
                            "key": "size",
                            "default": "15px",
                            "type": "string",
                            "meta": { "uiType": "input" }
                        }
                    ]
                }
            ]
        },
        {
            "label": "Resources",
            "key": "resources",
            "type": "section",
            "settings": [
                {
                    "label": "Fonts",
                    "key": "fonts",
                    "type": "section",
                    "settings": [
                        {
                            "label": "Font Source",
                            "key": "source-1",
                            "default": "https://use.typekit.net/owv5uoj.css",
                            "type": "string",
                            "meta": { "uiType": "input" }
                        },
                        {
                            "label": "Font Source",
                            "key": "source-2",
                            "default": "https://fonts.googleapis.com/css?family=Montserrat:400,700",
                            "type": "string",
                            "meta": { "uiType": "input" }
                        }
                    ]
                },
                {
                    "label": "Css",
                    "key": "css",
                    "type": "section",
                    "meta": { "hidden": true },
                    "settings": [
                        {
                            "label": "Source",
                            "key": "icons",
                            "default": "https://cdnjs.cloudflare.com/ajax/libs/font-awesome/5.8.2/css/all.min.css",
                            "type": "string",
                            "meta": { "uiType": "input" }
                        },
                        {
                            "label": "Source",
                            "key": "popup",
                            "default": "https://cdnjs.cloudflare.com/ajax/libs/magnific-popup.js/1.1.0/magnific-popup.min.css",
                            "type": "string",
                            "meta": { "uiType": "inputDisabled" }
                        },
                        {
                            "label": "Source",
                            "key": "animatecss",
                            "default": "https://cdnjs.cloudflare.com/ajax/libs/animate.css/3.7.0/animate.min.css",
                            "type": "string",
                            "meta": { "uiType": "inputDisabled" }
                        }
                    ]
                },
                {
                    "label": "Javascript",
                    "key": "javascript",
                    "type": "section",
                    "meta": { "hidden": true },
                    "settings": [
                        {
                            "label": "Source",
                            "key": "jquery",
                            "default": "https://cdnjs.cloudflare.com/ajax/libs/jquery/3.1.0/jquery.min.js",
                            "type": "string",
                            "meta": { "uiType": "inputDisabled" }
                        },
                        {
                            "label": "Source",
                            "key": "magnific-popup",
                            "default": "https://cdnjs.cloudflare.com/ajax/libs/magnific-popup.js/1.1.0/jquery.magnific-popup.min.js",
                            "type": "string",
                            "meta": { "uiType": "inputDisabled" }
                        }
                    ]
                }
            ]
        },
        {
            "label": "Css",
            "key": "css",
            "type": "section",
            "settings": [
                {
                    "label": "Custom Css",
                    "key": "customCss",
                    "default": "",
                    "type": "string",
                    "meta": { "uiType": "textArea" }
                }
            ]
        },
        {
            "label": "Widget Areas",
            "key": "widgetAreas",
            "type": "section",
            "meta": { "hidden": true },
            "settings": [
                {
                    "label": "Sidebar",
                    "key": "sidebar",
                    "default": "Sidebar",
                    "type": "string",
                    "meta": { "layout": "vertical" }
                },
                {
                    "label": "Header",
                    "key": "header",
                    "default": "Header",
                    "type": "string",
                    "meta": { "layout": "horizontal" }
                },
                {
                    "label": "Single Content Top",
                    "key": "singleContentTop",
                    "default": "Single Top Position",
                    "type": "string",
                    "meta": { "layout": "horizontal" }
                },
                {
                    "label": "Single Content Bottom",
                    "key": "singleContentBottom",
                    "default": "Single Bottom Position",
                    "type": "string",
                    "meta": { "layout": "horizontal" }
                },
                {
                    "label": "Index Content Top",
                    "key": "indexContentTop",
                    "default": "Index Top Position",
                    "type": "string",
                    "meta": { "layout": "horizontal" }
                },
                {
                    "label": "Index Content Bottom",
                    "key": "indexContentBottom",
                    "default": "Index Bottom Position",
                    "type": "string",
                    "meta": { "layout": "horizontal" }
                },
                {
                    "label": "Footer",
                    "key": "footer",
                    "default": "Footer",
                    "type": "string",
                    "meta": { "layout": "horizontal" }
                }
            ]
        },
        {
            "label": "Menu Locations",
            "key": "menuLocations",
            "type": "section",
            "meta": { "hidden": true },
            "settings": [
                {
                    "label": "Header",
                    "key": "header",
                    "default": "Header",
                    "type": "string",
                    "meta": { }
                },
                {
                    "label": "Footer",
                    "key": "footer",
                    "default": "Footer",
                    "type": "string",
                    "meta": { }
                }
            ]
        }
    ]
}